{"schema":[{"name":"SORT_NAME", "type":"string"}, {"name":"DSG", "type":"string"}, {"name":"RC", "type":"string"}, {"name":"GENERIC", "type":"string"}, {"name":"ELEV", "type":"string"}, {"name":"LONG_", "type":"string"}, {"name":"NT", "type":"string"}, {"name":"UTM", "type":"string"}, {"name":"UGI", "type":"string"}, {"name":"MF", "type":"string"}, {"name":"UNI", "type":"string"}, {"name":"GMF", "type":"string"}, {"name":"FEATURE_ID", "type":"string"}, {"name":"FL", "type":"string"}, {"name":"OBJECTID", "type":"string"}, {"name":"USID3", "type":"string"}, {"name":"USID1", "type":"string"}, {"name":"USID2", "type":"string"}, {"name":"FULL_NAME", "type":"string"}, {"name":"COMMENTS", "type":"string"}, {"name":"FC", "type":"string"}, {"name":"POP", "type":"string"}, {"name":"SHORT_FORM", "type":"string"}, {"name":"LAT", "type":"string"}, {"name":"LC", "type":"string"}, {"name":"ADM1", "type":"string"}, {"name":"JOG", "type":"string"}, {"name":"CC2", "type":"string"}, {"name":"CC1", "type":"string"}, {"name":"ADM2", "type":"string"}, {"name":"GCC", "type":"string"}, {"name":"UFI", "type":"string"}, {"name":"PC", "type":"string"}, {"name":"geometry", "type":"geometry", "geometryType":"polygon"}], "namespace":"http://marklogic.com", "typeName":"Named_Features", "definingQuery":{"collectionQuery":{"uris":["Named_Features"]}}}