{"namespace":"http://marklogic.com", "definingQuery":{"collectionQuery":{"uris":["Clans"]}}, "typeName":"Clans", "schema":[{"name":"geometry", "geometryType":"MultiPolygon", "type":"geometry"}, {"name":"SUB_TRIBE", "type":"string"}, {"name":"SUB_TRIB_N", "type":"string"}, {"name":"CLAN", "type":"string"}, {"name":"CLAN_NS", "type":"string"}, {"name":"CLAN_LOI_N", "type":"string"}, {"name":"CLAN_LOI_R", "type":"string"}, {"name":"CLAN_LOI_L", "type":"string"}, {"name":"Shape_Leng", "type":"string"}, {"name":"Shape_Area", "type":"string"}, {"name":"FULL_NAME", "type":"string"}]}