{"typeName":"Yemen_Families", "schema":[{"name":"geometry", "geometryType":"polygon", "type":"geometry"}, {"name":"LOCATIONNS", "type":"string"}, {"name":"FAM_SH_NS", "type":"string"}, {"name":"TRIB_NS", "type":"string"}, {"name":"CLAN_SHKH", "type":"string"}, {"name":"LONG_", "type":"string"}, {"name":"OBJECT_ID", "type":"string"}, {"name":"Shape_Area", "type":"string"}, {"name":"ADM1_NS", "type":"string"}, {"name":"ETHNICITY", "type":"string"}, {"name":"CONF_SH_NS", "type":"string"}, {"name":"TRIB_LOI_N", "type":"string"}, {"name":"FEATURE_ID", "type":"string"}, {"name":"USID3", "type":"string"}, {"name":"FAM_LOI_L", "type":"string"}, {"name":"USID4", "type":"string"}, {"name":"USID1", "type":"string"}, {"name":"USID2", "type":"string"}, {"name":"FULL_NAME", "type":"string"}, {"name":"CLAN", "type":"string"}, {"name":"AREA", "type":"string"}, {"name":"CLAN_LOI_R", "type":"string"}, {"name":"COMMENTS", "type":"string"}, {"name":"USID5", "type":"string"}, {"name":"FULLNAM_NS", "type":"string"}, {"name":"USID6", "type":"string"}, {"name":"TRIBE", "type":"string"}, {"name":"FAM_NS", "type":"string"}, {"name":"FAM_LOI_R", "type":"string"}, {"name":"SUB_TRIBE", "type":"string"}, {"name":"CLAN_NS", "type":"string"}, {"name":"FAM_LOI_N", "type":"string"}, {"name":"FAM_SHKH", "type":"string"}, {"name":"SUB_TRIB_N", "type":"string"}, {"name":"FAMILY", "type":"string"}, {"name":"LAT", "type":"string"}, {"name":"LOCATION", "type":"string"}, {"name":"ADM1", "type":"string"}, {"name":"TRIB_SH_NS", "type":"string"}, {"name":"TRIB_SHKH", "type":"string"}, {"name":"ADM2_NS", "type":"string"}, {"name":"RELIGION", "type":"string"}, {"name":"CONFED", "type":"string"}, {"name":"CLAN_LOI_N", "type":"string"}, {"name":"CLAN_SH_NS", "type":"string"}, {"name":"ADM2", "type":"string"}, {"name":"CONF_SHKH", "type":"string"}, {"name":"CONFED_NS", "type":"string"}, {"name":"Shape_Leng", "type":"string"}, {"name":"CLAN_LOI_L", "type":"string"}], "namespace":"http://marklogic.com", "definingQuery":{"collectionQuery":{"uris":["Yemen_Families"]}}}