{"geoJSON":{"type":"Feature", "properties":{"scalerank":0, "featurecla":"Land", "min_zoom":4}, "geometry":{"type":"Polygon", "coordinates":[[[180, -16.5400390625], [179.98720703125, -16.5412109375], [179.98466796875, -16.52216796875], [180, -16.4888671875], [180, -16.5400390625]]]}}, "metadata":{"ctsRegions":"POLYGON((180 -16.540039,179.98721 -16.541211,179.98467 -16.522168,180 -16.488867,180 -16.540039))", "centroids":["-16.515039,-0.003831736"], "bbox":{"boxWest":null, "boxSouth":null, "boxNorth":null, "boxEast":null}}}